{"Train_Accuracy": [0.5424026250839233, 0.5869895219802856, 0.5823836922645569, 0.5790122747421265, 0.591500461101532, 0.5689933896064758, 0.589316189289093, 0.5707977414131165], "Train Loss": [2.8276029287133726, 0.23066247193296058, 0.044362629440954496, 0.023319734302244877, 0.010831278755777793, 0.027933756906790033, 0.009470490297474468, 0.011727901468253196]}