{"Train_Accuracy": [0.5086419582366943, 0.604463517665863, 0.6041785478591919, 0.5940171480178833, 0.6058878898620605, 0.5868470668792725, 0.6008071899414062, 0.5937321186065674], "Train Loss": [2.9157758983887936, 0.23494298083526535, 0.03690407579379189, 0.017616749998934547, 0.009281947428448836, 0.0072319680021290765, 0.044532936410119114, 0.004317572140634209]}