
{"train_loss": [1.0777748469402666, 0.031473481645211514, 0.030475970020119786, 0.03452533855105279, 0.03496534350705167, 0.008832638400451204, 0.01431516449548558, 0.009517320472799731], "train_map": [0.46483319997787476, 0.6471249461174011, 0.5654582381248474, 0.492416650056839, 0.6115415692329407, 0.7152500152587891, 0.5938332676887512, 0.6713749766349792]}