{"Train_Accuracy": [0.37526118755340576, 0.6201329827308655, 0.6822412610054016, 0.6719374060630798, 0.7055080533027649, 0.6925925612449646, 0.6672839522361755, 0.6603039503097534], "Train Loss": [2.2524259326389604, 0.4283365169423923, 0.133836916989259, 0.06438134637129425, 0.03681675142938378, 0.026004319714133785, 0.023410961426738788, 0.024040042372197472]}