{"Train_Accuracy": [0.3611110746860504, 0.5399810075759888, 0.6101614832878113, 0.6079297065734863, 0.5912630558013916, 0.6024690866470337, 0.6164767146110535, 0.6149572134017944], "Train Loss": [2.0986771182600696, 0.4056568219653909, 0.15094228524556777, 0.07226288141195018, 0.043343613919990136, 0.02837579223522429, 0.02237092638434726, 0.019672767347290395]}