{"Train_Accuracy": [0.4912630021572113, 0.5505697727203369, 0.5521842837333679, 0.5552231669425964, 0.5726495981216431, 0.5711301565170288, 0.5725071430206299, 0.5875118374824524], "Train Loss": [2.8978215167647288, 0.2089983780782419, 0.03546788032512713, 0.01645906548250346, 0.008111595215642838, 0.004907764996079138, 0.0028987525407215605, 0.0018636251328294712]}