{"Train_Accuracy": [0.46377021074295044, 0.5524690747261047, 0.5755460262298584, 0.5854700207710266, 0.5979107022285461, 0.575356125831604, 0.5689458847045898, 0.5970085263252258], "Train Loss": [3.1226112575007794, 0.38128955108566476, 0.09191419834507969, 0.04684512930320683, 0.029017167792950486, 0.029981953247526935, 0.0240130989331557, 0.02529914777475105]}