{"Train_Accuracy": [0.44088315963745117, 0.5432572960853577, 0.5808642506599426, 0.5615859627723694, 0.562820553779602, 0.5586420297622681, 0.5652421116828918, 0.600712239742279], "Train Loss": [3.173852478179551, 0.4093349199937169, 0.09840764071875974, 0.04868676715955473, 0.04182569403898092, 0.031141995789106945, 0.02576031768113895, 0.020375603155007683]}