{"Train_Accuracy": [0.5036562085151672, 0.555080771446228, 0.5957739353179932, 0.6046533584594727, 0.5809590816497803, 0.5755935311317444, 0.5947768688201904, 0.5536562204360962], "Train Loss": [2.9738334218165523, 0.2580961003862414, 0.047498060878078244, 0.022088538381524216, 0.01589269828320739, 0.02968322606455358, 0.016383252536269495, 0.007943544007298952]}