{"Train_Accuracy": [0.35854703187942505, 0.5505222678184509, 0.5728870034217834, 0.5871319770812988, 0.583095908164978, 0.5713675022125244, 0.5888888239860535, 0.573124349117279], "Train Loss": [3.887848737531172, 1.0908722152139183, 0.32272171439078084, 0.15323671260082217, 0.08934430053406522, 0.06435200222709828, 0.055443685250983865, 0.05012936485081242]}