{"Train_Accuracy": [0.4674263894557953, 0.551946759223938, 0.5886989235877991, 0.5627729892730713, 0.5864672064781189, 0.6245964169502258, 0.6253560781478882, 0.6196106672286987], "Train Loss": [3.010940970328086, 0.3547514347066903, 0.10652199647670375, 0.04901788954128351, 0.029723747710040084, 0.01994219444636395, 0.01609366076842805, 0.014395685267270057]}