{"Train_Accuracy": [0.4949193000793457, 0.5698480606079102, 0.5778727531433105, 0.6136276721954346, 0.6161917448043823, 0.599240243434906, 0.6163341999053955, 0.6058404445648193], "Train Loss": [3.2108260842035534, 0.5279978611820059, 0.14603503981136026, 0.0680123707302788, 0.04438116782323975, 0.028797513528952278, 0.023234350722924135, 0.022185886887243562]}