{"Train_Accuracy": [0.44525158405303955, 0.5652421712875366, 0.5907407402992249, 0.57540363073349, 0.5357075333595276, 0.5443020462989807, 0.5467236042022705, 0.5275403261184692], "Train Loss": [2.7041942567896666, 0.3296846879687987, 0.0866136384426507, 0.04185167869130275, 0.03312974439892091, 0.023965283522284834, 0.023717026758075056, 0.0157038327167159]}